{
  "model_type": "CalibratedClassifierCV(LinearSVC)",
  "training_time": "0.15 seconds",
  "parameters": {
    "class_weight": "balanced",
    "ngram_range": "(1, 1)",
    "min_df": 2,
    "sublinear_tf": false,
    "eval_threshold": 0.5
  },
  "evaluation": {
    "accuracy": 0.9883408071748879,
    "precision": 0.9857142857142858,
    "recall": 0.9261744966442953,
    "f1": 0.9550173010380623,
    "confusion_matrix": [
      [
        964,
        2
      ],
      [
        11,
        138
      ]
    ],
    "support": {
      "ham": 966.0,
      "spam": 149.0
    },
    "threshold_results": {
      "0.3": {
        "precision": 0.9659863945578231,
        "recall": 0.9530201342281879,
        "f1": 0.9594594594594594
      },
      "0.4": {
        "precision": 0.986013986013986,
        "recall": 0.9463087248322147,
        "f1": 0.9657534246575343
      },
      "0.5": {
        "precision": 0.9857142857142858,
        "recall": 0.9261744966442953,
        "f1": 0.9550173010380623
      },
      "0.6": {
        "precision": 0.9857142857142858,
        "recall": 0.9261744966442953,
        "f1": 0.9550173010380623
      },
      "0.7": {
        "precision": 1.0,
        "recall": 0.9060402684563759,
        "f1": 0.9507042253521127
      }
    },
    "evaluation_threshold": 0.5
  },
  "model_path": "models/spam_classifier.joblib",
  "vectorizer_path": "models/tfidf_vectorizer.joblib"
}